TÍTULO,PROVEEDOR,MODELO DE NEGOCIO,CATEGORÍA,CALIDAD,AGNO,PRECIO
Sumergidos,,Arriendo,Acción,HD,2019,$3.490
Un loco funeral,,Arriendo,Comedia,HD,2019,$3.490
El Cubo Negro,,Arriendo,Terror,HD,2017,$3.490
This Is Us,FOX PREMIUM,Premium,DRAMA,HD,2016,
Planeta Hostil,WILD,Premium,DOCUMENTAL,HD,2019,
Guerrilla del Oro,NATIONAL,Arriendo,DOCUMENTAL,HD,2019,
Guerrilla del Oro,TNT,Arriendo,DOCUMENTAL,HD,2019,
Guerrilla del Oro,TNT,Arriendo,DOCUMENTAL,HD,2019,
Guerrilla del Oro,WARNER,Arriendo,DOCUMENTAL,HD,2019,
Guerrilla del Oro,WARNER,Arriendo,DOCUMENTAL,HD,2019,
Guerrilla del Oro,WARNER,Arriendo,DOCUMENTAL,HD,2019,
Guerrilla del Oro,WARNER,Arriendo,DOCUMENTAL,HD,2019,
Guerrilla del Oro,WARNER,Arriendo,DOCUMENTAL,HD,2019,
Guerrilla del Oro,WARNER,Arriendo,DOCUMENTAL,HD,2019,
Guerrilla del Oro,WARNER,Arriendo,DOCUMENTAL,HD,2019,
Guerrilla del Oro,NATIONAL GEOGRAPHIC,Arriendo,DOCUMENTAL,HD,2019,
